"Transcript","Type","Position","RNA","DNAzyme","DeltaG","Energy","Dimer","Internal","prob_single","prob_multiple","pred_single","pred_multiple"
13,"10-23_target","0-18","A*UGGUGUUUA","TAAACACCAggctagctacaacga",-7.1,-7.1,10,0,0.0313513528413133,0.678539037896003,0,1
13,"10-23_target","3-21","UCACACGUGG*UGUUUAUUA","TAATAAACAggctagctacaacgaCACGTGTGA",-18.41,-18.41,23,-1.2,0.442429888388446,0.999578917029602,0,1
13,"10-23_target","5-23","ACACGUGGUG*UUUAUUACC","GGTAATAAAggctagctacaacgaACCACGTGT",-18.89,-18.89,1,-0.6,0.476136815023406,0.803229878445729,0,1
13,"10-23_target","9-27","GUGGUGUUUA*UUACCCUGA","TCAGGGTAAggctagctacaacgaAAACACCAC",-19.69,-19.69,1,-0.2,0.532647545214351,0.899287232074964,1,1
13,"10-23_target","12-30","GUGUUUAUUA*CCCUGACAA","TTGTCAGGGggctagctacaacgaAATAAACAC",-18.59,-18.59,7,-1.5,0.455024792110558,0.898838525776292,0,1
13,"10-23_target","18-36","AUUACCCUGA*CAAAGUUUU","AAAACTTTGggctagctacaacgaCAGGGTAAT",-18.62,-18.62,6,-3.6,0.457129994244021,0.334136680884754,0,0
13,"10-23_target","23-41","CCUGACAAAG*UUUUCAGAU","ATCTGAAAAggctagctacaacgaTTTGTCAGG",-17.75,-17.75,2,-1.8,0.396994226278687,0.463936040379891,0,0
13,"10-23_target","31-49","AGUUUUCAGA*UCCUCAGUU","AACTGAGGAggctagctacaacgaCTGAAAACT",-18.98,-18.98,3,0,0.482490565653444,0.944326041857023,0,1
13,"10-23_target","38-56","AGAUCCUCAG*UUUUACAUU","AATGTAAAAggctagctacaacgaTGAGGATCT",-16.76,-16.76,2,-0.8,0.332243996741806,0.66937932905135,0,1
13,"10-23_target","43-61","CUCAGUUUUA*CAUUCAACU","AGTTGAATGggctagctacaacgaAAAACTGAG",-17.75,-17.75,1,-2.9,0.396994226278687,0.14025914601227,0,0
13,"10-23_target","45-63","CAGUUUUACA*UUCAACUCA","TGAGTTGAAggctagctacaacgaGTAAAACTG",-17.59,-17.59,3,-4,0.386211479422865,0.0724798155072206,0,0
13,"10-23_target","50-68","UUACAUUCAA*CUCAGGACU","AGTCCTGAGggctagctacaacgaTGAATGTAA",-18.61,-18.61,1,-5.1,0.456428086279575,0.0152047674744412,0,0
13,"10-23_target","57-75","CAACUCAGGA*CUUGUUCUU","AAGAACAAGggctagctacaacgaCCTGAGTTG",-19.93,-19.93,3,-2.9,0.549503964763113,0.414623815390176,1,0
13,"10-23_target","61-79","UCAGGACUUG*UUCUUACCU","AGGTAAGAAggctagctacaacgaAAGTCCTGA",-18.51,-18.51,1,-1.9,0.449418973546512,0.421800520248706,0,0
13,"10-23_target","67-85","CUUGUUCUUA*CCUUUCUUU","AAAGAAAGGggctagctacaacgaAAGAACAAG",-17.65,-17.65,7,0,0.390242563552393,0.974936961623945,0,1
13,"10-23_target","81-99","UCUUUUCCAA*UGUUACUUG","CAAGTAACAggctagctacaacgaTGGAAAAGA",-17.59,-17.59,10,0,0.386211479422865,0.99034487980484,0,1
13,"10-23_target","83-101","UUUUCCAAUG*UUACUUGGU","ACCAAGTAAggctagctacaacgaATTGGAAAA",-17.4,-17.4,1,-1.4,0.373551200916497,0.470503699245999,0,0
13,"10-23_target","86-104","UCCAAUGUUA*CUUGGUUCC","GGAACCAAGggctagctacaacgaAACATTGGA",-19.71,-19.71,4,-1.4,0.534055635962023,0.849266634569642,1,1
13,"10-23_target","91-109","UGUUACUUGG*UUCCAUGCU","AGCATGGAAggctagctacaacgaCAAGTAACA",-19.42,-19.42,10,-2.8,0.513596514448477,0.870134292590945,1,1
13,"10-23_target","96-114","CUUGGUUCCA*UGCUAUACA","TGTATAGCAggctagctacaacgaGGAACCAAG",-19.23,-19.23,1,-3.1,0.500163212249121,0.181160055413003,1,0
13,"10-23_target","98-116","UGGUUCCAUG*CUAUACAUG","CATGTATAGggctagctacaacgaATGGAACCA",-17.94,-17.94,2,-1.4,0.409929116197161,0.601660925427814,0,1
13,"10-23_target","101-119","UUCCAUGCUA*UACAUGUCU","AGACATGTAggctagctacaacgaAGCATGGAA",-19.16,-19.16,5,-4.5,0.495213011927685,0.128422983084361,0,0
13,"10-23_target","103-121","CCAUGCUAUA*CAUGUCUCU","AGAGACATGggctagctacaacgaATAGCATGG",-19.18,-19.18,7,-2.9,0.496627301555516,0.668156325926588,0,1
13,"10-23_target","105-123","AUGCUAUACA*UGUCUCUGG","CCAGAGACAggctagctacaacgaGTATAGCAT",-18.85,-18.85,10,-4.7,0.473315280886286,0.349776789454868,0,0
13,"10-23_target","107-125","GCUAUACAUG*UCUCUGGGA","TCCCAGAGAggctagctacaacgaATGTATAGC",-18.82,-18.82,10,-3.2,0.471200238310351,0.767359932812201,0,1
13,"10-23_target","116-134","GUCUCUGGGA*CCAAUGGUA","TACCATTGGggctagctacaacgaCCCAGAGAC",-21.35,-21.35,6,-4.8,0.64573682944262,0.242589580769887,1,0
13,"10-23_target","120-138","CUGGGACCAA*UGGUACUAA","TTAGTACCAggctagctacaacgaTGGTCCCAG",-19.83,-19.83,5,-2.8,0.542492012445048,0.59891217701254,1,1
13,"10-23_target","123-141","GGACCAAUGG*UACUAAGAG","CTCTTAGTAggctagctacaacgaCATTGGTCC",-18.28,-18.28,6,-5.1,0.433378450968117,0.0666082947661491,0,0
13,"10-23_target","125-143","ACCAAUGGUA*CUAAGAGGU","ACCTCTTAGggctagctacaacgaACCATTGGT",-19.54,-19.54,10,-1.1,0.522071822127236,0.982267085938361,1,1
13,"10-23_target","133-151","UACUAAGAGG*UUUGAUAAC","GTTATCAAAggctagctacaacgaCTCTTAGTA",-15.73,-15.73,10,-0.6,0.271027351148295,0.961288537592235,0,1
13,"10-23_target","138-156","AGAGGUUUGA*UAACCCUGU","ACAGGGTTAggctagctacaacgaCAAACCTCT",-19.8,-19.8,2,-2.1,0.540385010825811,0.562054635491171,1,1
13,"10-23_target","141-159","GGUUUGAUAA*CCCUGUCCU","AGGACAGGGggctagctacaacgaTATCAAACC",-20.1,-20.1,7,-0.6,0.561377830827016,0.97892063774513,1,1
13,"10-23_target","146-164","GAUAACCCUG*UCCUACCAU","ATGGTAGGAggctagctacaacgaAGGGTTATC",-18.67,-18.67,3,-3.8,0.460642032971731,0.129419480055706,0,0
13,"10-23_target","151-169","CCCUGUCCUA*CCAUUUAAU","ATTAAATGGggctagctacaacgaAGGACAGGG",-19.1,-19.1,6,0,0.490970693153461,0.979511354521976,0,1
13,"10-23_target","154-172","UGUCCUACCA*UUUAAUGAU","ATCATTAAAggctagctacaacgaGGTAGGACA",-17.44,-17.44,15,-3.4,0.376202815819296,0.890151892773187,0,1
13,"10-23_target","159-177","UACCAUUUAA*UGAUGGUGU","ACACCATCAggctagctacaacgaTAAATGGTA",-17.8,-17.8,2,-2,0.400385002721105,0.408716217756617,0,0
13,"10-23_target","162-180","CAUUUAAUGA*UGGUGUUUA","TAAACACCAggctagctacaacgaCATTAAATG",-16.78,-16.78,10,0,0.333500355629906,0.987012496618625,0,1
13,"10-23_target","165-183","UUAAUGAUGG*UGUUUAUUU","AAATAAACAggctagctacaacgaCATCATTAA",-15.23,-15.23,10,0,0.244003358493437,0.977176356797463,0,1
13,"10-23_target","167-185","AAUGAUGGUG*UUUAUUUUG","CAAAATAAAggctagctacaacgaACCATCATT",-16.05,-16.05,10,0,0.28927745407959,0.983050831562804,0,1
13,"10-23_target","171-189","AUGGUGUUUA*UUUUGCUUC","GAAGCAAAAggctagctacaacgaAAACACCAT",-18.67,-18.67,10,-1.7,0.460642032971731,0.95085200166414,0,1
13,"10-23_target","176-194","GUUUAUUUUG*CUUCCACUG","CAGTGGAAGggctagctacaacgaAAAATAAAC",-17.14,-17.14,10,-1.7,0.356506380828391,0.916529545880726,0,1
13,"10-23_target","182-200","UUUGCUUCCA*CUGAGAAGU","ACTTCTCAGggctagctacaacgaGGAAGCAAA",-20.18,-20.18,1,-3.6,0.566942150357435,0.14616456601385,1,0
13,"10-23_target","190-208","CACUGAGAAG*UCUAACAUA","TATGTTAGAggctagctacaacgaTTCTCAGTG",-16.79,-16.79,3,-2.3,0.3341294243459,0.314857827937509,0,0
13,"10-23_target","195-213","AGAAGUCUAA*CAUAAUAAG","CTTATTATGggctagctacaacgaTAGACTTCT",-15.45,-15.45,7,-0.3,0.255665227021155,0.922841759684467,0,1
13,"10-23_target","197-215","AAGUCUAACA*UAAUAAGAG","CTCTTATTAggctagctacaacgaGTTAGACTT",-15.4,-15.4,1,-5.7,0.25298295970646,0.00226246863545072,0,0
13,"10-23_target","200-218","UCUAACAUAA*UAAGAGGCU","AGCCTCTTAggctagctacaacgaTATGTTAGA",-17.09,-17.09,1,-5.3,0.353268272605395,0.00684871445929052,0,0
13,"10-23_target","207-225","UAAUAAGAGG*CUGGAUUUU","AAAATCCAGggctagctacaacgaCTCTTATTA",-16.79,-16.79,10,-0.1,0.3341294243459,0.985410523219445,0,1
13,"10-23_target","212-230","AGAGGCUGGA*UUUUUGGUA","TACCAAAAAggctagctacaacgaCCAGCCTCT",-20.16,-20.16,8,-4.6,0.565552595914298,0.337466303153857,1,0
13,"10-23_target","219-237","GGAUUUUUGG*UACUACUUU","AAAGTAGTAggctagctacaacgaCAAAAATCC",-16.41,-16.41,3,-4.7,0.310654733281524,0.0210923011418416,0,0
13,"10-23_target","221-239","AUUUUUGGUA*CUACUUUAG","CTAAAGTAGggctagctacaacgaACCAAAAAT",-16.25,-16.25,5,-3.9,0.301046294131368,0.0942810555854865,0,0
13,"10-23_target","224-242","UUUGGUACUA*CUUUAGAUU","AATCTAAAGggctagctacaacgaAGTACCAAA",-16.55,-16.55,10,-1,0.319198552543914,0.953873936307899,0,1
13,"10-23_target","231-249","CUACUUUAGA*UUCGAAGAC","GTCTTCGAAggctagctacaacgaCTAAAGTAG",-17.57,-17.57,1,-2.7,0.384871213907704,0.162942104598441,0,0
13,"10-23_target","239-257","GAUUCGAAGA*CCCAGUCCC","GGGACTGGGggctagctacaacgaCTTCGAATC",-22.2,-22.2,7,-2.1,0.698633128020767,0.942187868626239,1,1
13,"10-23_target","244-262","GAAGACCCAG*UCCCUACUU","AAGTAGGGAggctagctacaacgaTGGGTCTTC",-19.79,-19.79,2,-4.8,0.539682352231002,0.0457183249989672,1,0
13,"10-23_target","250-268","CCAGUCCCUA*CUUAUUGUU","AACAATAAGggctagctacaacgaAGGGACTGG",-19.1,-19.1,10,-1.3,0.490970693153461,0.973616273345666,0,1
13,"10-23_target","254-272","UCCCUACUUA*UUGUUAAUA","TATTAACAAggctagctacaacgaAAGTAGGGA",-16.39,-16.39,10,-2.5,0.309444480219243,0.758656806244483,0,1
13,"10-23_target","257-275","CUACUUAUUG*UUAAUAACG","CGTTATTAAggctagctacaacgaAATAAGTAG",-14.59,-14.59,1,-0.8,0.212169715721548,0.394466588083683,0,0
13,"10-23_target","261-279","UUAUUGUUAA*UAACGCUAC","GTAGCGTTAggctagctacaacgaTAACAATAA",-16.44,-16.44,1,-6.6,0.312474976322478,0.00111390392107923,0,0
13,"10-23_target","264-282","UUGUUAAUAA*CGCUACUAA","TTAGTAGCGggctagctacaacgaTATTAACAA",-16.84,-16.84,3,-7.4,0.337283593098365,0.000945735349915868,0,0
13,"10-23_target","266-284","GUUAAUAACG*CUACUAAUG","CATTAGTAGggctagctacaacgaGTTATTAAC",-15.15,-15.15,5,-3.9,0.239853091139119,0.0647863933910416,0,0
13,"10-23_target","269-287","AAUAACGCUA*CUAAUGUUG","CAACATTAGggctagctacaacgaAGCGTTATT",-17.87,-17.87,10,-3,0.405148096878914,0.747447144809988,0,1
13,"10-23_target","273-291","ACGCUACUAA*UGUUGUUAU","ATAACAACAggctagctacaacgaTAGTAGCGT",-18.03,-18.03,14,-5.9,0.416101124994832,0.257143964100235,0,0
13,"10-23_target","275-293","GCUACUAAUG*UUGUUAUUA","TAATAACAAggctagctacaacgaATTAGTAGC",-15.11,-15.11,14,-4.3,0.237796162242637,0.451243264672627,0,0
13,"10-23_target","278-296","ACUAAUGUUG*UUAUUAAAG","CTTTAATAAggctagctacaacgaAACATTAGT",-14.29,-14.29,10,0,0.198330869108106,0.96798069414887,0,1
13,"10-23_target","281-299","AAUGUUGUUA*UUAAAGUCU","AGACTTTAAggctagctacaacgaAACAACATT",-16.44,-16.44,10,0,0.312474976322478,0.985296018440238,0,1
13,"10-23_target","287-305","GUUAUUAAAG*UCUGUGAAU","ATTCACAGAggctagctacaacgaTTTAATAAC",-15.36,-15.36,10,0,0.250850589826441,0.978225430959874,0,1
13,"10-23_target","291-309","UUAAAGUCUG*UGAAUUUCA","TGAAATTCAggctagctacaacgaAGACTTTAA",-16.16,-16.16,10,0,0.295716576347684,0.983716174742259,0,1
13,"10-23_target","295-313","AGUCUGUGAA*UUUCAAUUU","AAATTGAAAggctagctacaacgaTCACAGACT",-17.35,-17.35,10,0,0.370247353183195,0.989457212761282,0,1
13,"10-23_target","301-319","UGAAUUUCAA*UUUUGUAAU","ATTACAAAAggctagctacaacgaTGAAATTCA",-15.51,-15.51,10,0,0.25890849680529,0.979377387003886,0,1
13,"10-23_target","306-324","UUCAAUUUUG*UAAUGAUCC","GGATCATTAggctagctacaacgaAAAATTGAA",-15.76,-15.76,10,-0.1,0.272707258259639,0.978781643833836,0,1
13,"10-23_target","309-327","AAUUUUGUAA*UGAUCCAUU","AATGGATCAggctagctacaacgaTACAAAATT",-16.23,-16.23,10,0,0.299857190974404,0.984126131261143,0,1
13,"10-23_target","312-330","UUUGUAAUGA*UCCAUUUUU","AAAAATGGAggctagctacaacgaCATTACAAA",-16.61,-16.61,3,0,0.322898150167869,0.875834541618673,0,1
13,"10-23_target","316-334","UAAUGAUCCA*UUUUUGGGU","ACCCAAAAAggctagctacaacgaGGATCATTA",-17.98,-17.98,1,0,0.412668852117926,0.858094165517,0,1
13,"10-23_target","324-342","CAUUUUUGGG*UGUUUAUUA","TAATAAACAggctagctacaacgaCCAAAAATG",-15.89,-15.89,10,0,0.280061582962728,0.982035123277918,0,1
13,"10-23_target","326-344","UUUUUGGGUG*UUUAUUACC","GGTAATAAAggctagctacaacgaACCCAAAAA",-16.79,-16.79,1,0,0.3341294243459,0.795597235329096,0,1
13,"10-23_target","330-348","UGGGUGUUUA*UUACCACAA","TTGTGGTAAggctagctacaacgaAAACACCCA",-19.56,-19.56,2,-5.3,0.523483270696463,0.0233894096969099,1,0
13,"10-23_target","333-351","GUGUUUAUUA*CCACAAAAA","TTTTTGTGGggctagctacaacgaAATAAACAC",-17.17,-17.17,6,-5.3,0.358455583202476,0.0357704512550629,0,0
13,"10-23_target","336-354","UUUAUUACCA*CAAAAACAA","TTGTTTTTGggctagctacaacgaGGTAATAAA",-16.4,-16.4,6,-2,0.3100492815999,0.607026426566729,0,1
13,"10-23_target","342-360","ACCACAAAAA*CAACAAAAG","CTTTTGTTGggctagctacaacgaTTTTGTGGT",-18.58,-18.58,5,-5.1,0.45432341138844,0.0541906540113589,0,0
13,"10-23_target","345-363","ACAAAAACAA*CAAAAGUUG","CAACTTTTGggctagctacaacgaTGTTTTTGT",-17.74,-17.74,6,-0.2,0.396317245397805,0.957727202322174,0,1
13,"10-23_target","351-369","ACAACAAAAG*UUGGAUGGA","TCCATCCAAggctagctacaacgaTTTTGTTGT",-18.62,-18.62,10,-3.4,0.457129994244021,0.706022288516028,0,1
13,"10-23_target","356-374","AAAAGUUGGA*UGGAAAGUG","CACTTTCCAggctagctacaacgaCCAACTTTT",-19.11,-19.11,10,0,0.491677672485335,0.99447693262407,0,1
13,"10-23_target","363-381","GGAUGGAAAG*UGAGUUCAG","CTGAACTCAggctagctacaacgaTTTCCATCC",-18.89,-18.89,10,-1.4,0.476136815023406,0.967981108338951,0,1
13,"10-23_target","367-385","GGAAAGUGAG*UUCAGAGUU","AACTCTGAAggctagctacaacgaTCACTTTCC",-18.44,-18.44,10,-0.9,0.444524349873545,0.979173627822605,0,1
13,"10-23_target","374-392","GAGUUCAGAG*UUUAUUCUA","TAGAATAAAggctagctacaacgaTCTGAACTC",-15.75,-15.75,10,0,0.272146566626377,0.981097528079933,0,1
13,"10-23_target","378-396","UCAGAGUUUA*UUCUAGUGC","GCACTAGAAggctagctacaacgaAAACTCTGA",-18.52,-18.52,10,-2.3,0.450119028378083,0.898179159528948,0,1
13,"10-23_target","384-402","UUUAUUCUAG*UGCGAAUAA","TTATTCGCAggctagctacaacgaTAGAATAAA",-16.02,-16.02,1,-2,0.287535827861065,0.204427637065658,0,0
13,"10-23_target","386-404","UAUUCUAGUG*CGAAUAAUU","AATTATTCGggctagctacaacgaACTAGAATA",-15.35,-15.35,5,-1.6,0.250319369284885,0.550345721338915,0,1
13,"10-23_target","390-408","CUAGUGCGAA*UAAUUGCAC","GTGCAATTAggctagctacaacgaTCGCACTAG",-19.56,-19.56,1,-3.7,0.523483270696463,0.107534642807012,1,0
13,"10-23_target","393-411","GUGCGAAUAA*UUGCACUUU","AAAGTGCAAggctagctacaacgaTATTCGCAC",-19.7,-19.7,3,-2.1,0.533351657010705,0.632529436871001,1,1
13,"10-23_target","396-414","CGAAUAAUUG*CACUUUUGA","TCAAAAGTGggctagctacaacgaAATTATTCG",-16.93,-16.93,7,-4.2,0.342997620125167,0.152590646259393,0,0
13,"10-23_target","398-416","AAUAAUUGCA*CUUUUGAAU","ATTCAAAAGggctagctacaacgaGCAATTATT",-16.68,-16.68,10,-2.1,0.327242518138218,0.850591489904955,0,1
13,"10-23_target","406-424","CACUUUUGAA*UAUGUCUCU","AGAGACATAggctagctacaacgaTCAAAAGTG",-17.21,-17.21,10,0,0.36106180339377,0.988902602483342,0,1
13,"10-23_target","408-426","CUUUUGAAUA*UGUCUCUCA","TGAGAGACAggctagctacaacgaATTCAAAAG",-17.61,-17.61,10,0,0.387553471671696,0.990415421513281,0,1
13,"10-23_target","410-428","UUUGAAUAUG*UCUCUCAGC","GCTGAGAGAggctagctacaacgaATATTCAAA",-17.42,-17.42,10,-2.7,0.374876069839909,0.783022328639602,0,1
13,"10-23_target","418-436","UGUCUCUCAG*CCUUUUCUU","AAGAAAAGGggctagctacaacgaTGAGAGACA",-18.84,-18.84,7,0,0.472610156505839,0.983721987980387,0,1
13,"10-23_target","428-446","CCUUUUCUUA*UGGACCUUG","CAAGGTCCAggctagctacaacgaAAGAAAAGG",-19.2,-19.2,10,0,0.498041645156841,0.994656955987179,0,1
13,"10-23_target","432-450","UUCUUAUGGA*CCUUGAAGG","CCTTCAAGGggctagctacaacgaCCATAAGAA",-19.46,-19.46,7,-1.3,0.516422727213368,0.939899030679327,1,1
13,"10-23_target","445-463","UGAAGGAAAA*CAGGGUAAU","ATTACCCTGggctagctacaacgaTTTCCTTCA",-18.82,-18.82,7,0,0.471200238310351,0.983602998736768,0,1
13,"10-23_target","450-468","GAAAACAGGG*UAAUUUCAA","TTGAAATTAggctagctacaacgaCCTGTTTTC",-16.86,-16.86,2,-3.7,0.338549347123818,0.0581324285343051,0,0
13,"10-23_target","453-471","AACAGGGUAA*UUUCAAAAA","TTTTTGAAAggctagctacaacgaTACCCTGTT",-17.4,-17.4,10,-0.8,0.373551200916497,0.973067251688578,0,1
13,"10-23_target","462-480","AUUUCAAAAA*UCUUAGGGA","TCCCTAAGAggctagctacaacgaTTTTGAAAT",-16.83,-16.83,10,-0.2,0.336651588333089,0.983792276130894,0,1
13,"10-23_target","472-490","UCUUAGGGAA*UUUGUGUUU","AAACACAAAggctagctacaacgaTCCCTAAGA",-17.98,-17.98,10,0,0.412668852117926,0.991632078597719,0,1
13,"10-23_target","476-494","AGGGAAUUUG*UGUUUAAGA","TCTTAAACAggctagctacaacgaAAATTCCCT",-17.09,-17.09,10,0,0.353268272605395,0.988404329605552,0,1
13,"10-23_target","478-496","GGAAUUUGUG*UUUAAGAAU","ATTCTTAAAggctagctacaacgaACAAATTCC",-15.85,-15.85,10,0,0.277785844425013,0.981771998256121,0,1
13,"10-23_target","486-504","UGUUUAAGAA*UAUUGAUGG","CCATCAATAggctagctacaacgaTCTTAAACA",-16.21,-16.21,10,0,0.298670777644975,0.98401004821045,0,1
13,"10-23_target","488-506","UUUAAGAAUA*UUGAUGGUU","AACCATCAAggctagctacaacgaATTCTTAAA",-16.3,-16.3,10,-0.2,0.304030754486264,0.98034775463525,0,1
13,"10-23_target","492-510","AGAAUAUUGA*UGGUUAUUU","AAATAACCAggctagctacaacgaCAATATTCT",-15.9,-15.9,10,0,0.280632294219889,0.982100319757995,0,1
13,"10-23_target","495-513","AUAUUGAUGG*UUAUUUUAA","TTAAAATAAggctagctacaacgaCATCAATAT",-13.8,-13.8,10,0,0.177209497524265,0.961855050385711,0,1
13,"10-23_target","498-516","UUGAUGGUUA*UUUUAAAAU","ATTTTAAAAggctagctacaacgaAACCATCAA",-15.72,-15.72,10,0,0.270468828977909,0.980890455781342,0,1
13,"10-23_target","506-524","UAUUUUAAAA*UAUAUUCUA","TAGAATATAggctagctacaacgaTTTAAAATA",-11.9,-11.9,10,0,0.111765269318373,0.925812228660681,0,1
13,"10-23_target","508-526","UUUUAAAAUA*UAUUCUAAG","CTTAGAATAggctagctacaacgaATTTTAAAA",-13.26,-13.26,10,-0.1,0.156022904979399,0.948138203150363,0,1
13,"10-23_target","510-528","UUAAAAUAUA*UUCUAAGCA","TGCTTAGAAggctagctacaacgaATATTTTAA",-14.95,-14.95,10,-2,0.229690348168029,0.772138234849918,0,1
13,"10-23_target","517-535","AUAUUCUAAG*CACACGCCU","AGGCGTGTGggctagctacaacgaTTAGAATAT",-19.15,-19.15,3,-6,0.494505894425701,0.0120750374145948,0,0
13,"10-23_target","519-537","AUUCUAAGCA*CACGCCUAU","ATAGGCGTGggctagctacaacgaGCTTAGAAT",-20.18,-20.18,5,-5.5,0.566942150357435,0.0598749568349247,1,0
13,"10-23_target","521-539","UCUAAGCACA*CGCCUAUUA","TAATAGGCGggctagctacaacgaGTGCTTAGA",-19.88,-19.88,10,-3.2,0.546000269627049,0.830036460211317,1,1
13,"10-23_target","523-541","UAAGCACACG*CCUAUUAAU","ATTAATAGGggctagctacaacgaGTGTGCTTA",-17.66,-17.66,7,-6.4,0.390915887203895,0.0159811090407974,0,0
13,"10-23_target","527-545","CACACGCCUA*UUAAUUUAG","CTAAATTAAggctagctacaacgaAGGCGTGTG",-18.53,-18.53,10,-3.8,0.450819280795354,0.588136379505935,0,1
13,"10-23_target","531-549","CGCCUAUUAA*UUUAGUGCG","CGCACTAAAggctagctacaacgaTAATAGGCG",-19.51,-19.51,1,-1.8,0.519953995273713,0.544001516127714,1,1
13,"10-23_target","536-554","AUUAAUUUAG*UGCGUGAUC","GATCACGCAggctagctacaacgaTAAATTAAT",-16.93,-16.93,1,-0.9,0.342997620125167,0.578367616140888,0,1
13,"10-23_target","538-556","UAAUUUAGUG*CGUGAUCUC","GAGATCACGggctagctacaacgaACTAAATTA",-17.08,-17.08,10,0,0.352622252781241,0.988361822290024,0,1
13,"10-23_target","540-558","AUUUAGUGCG*UGAUCUCCC","GGGAGATCAggctagctacaacgaGCACTAAAT",-19.24,-19.24,10,-2.1,0.500870403746453,0.936254239815149,1,1
13,"10-23_target","543-561","UAGUGCGUGA*UCUCCCUCA","TGAGGGAGAggctagctacaacgaCACGCACTA",-21.98,-21.98,1,-0.1,0.68537063908641,0.959252087631204,1,1
13,"10-23_target","555-573","UCCCUCAGGG*UUUUUCGGC","GCCGAAAAAggctagctacaacgaCCTGAGGGA",-22.02,-22.02,1,-4.8,0.687805463781434,0.0728649287951313,1,0
13,"10-23_target","563-581","GGUUUUUCGG*CUUUAGAAC","GTTCTAAAGggctagctacaacgaCGAAAAACC",-18.77,-18.77,10,-1.1,0.467677501411143,0.976555127221542,0,1
13,"10-23_target","571-589","GGCUUUAGAA*CCAUUGGUA","TACCAATGGggctagctacaacgaTCTAAAGCC",-19.34,-19.34,6,-2.3,0.507941660391836,0.761028808753465,1,1
13,"10-23_target","574-592","UUUAGAACCA*UUGGUAGAU","ATCTACCAAggctagctacaacgaGGTTCTAAA",-17.39,-17.39,4,0,0.372889475722927,0.929098639861744,0,1
13,"10-23_target","578-596","GAACCAUUGG*UAGAUUUGC","GCAAATCTAggctagctacaacgaCAATGGTTC",-18.43,-18.43,6,-0.7,0.443825973236383,0.940903399063614,0,1
13,"10-23_target","582-600","CAUUGGUAGA*UUUGCCAAU","ATTGGCAAAggctagctacaacgaCTACCAATG",-19.12,-19.12,1,-3,0.492384685105311,0.193474246329343,0,0
13,"10-23_target","586-604","GGUAGAUUUG*CCAAUAGGU","ACCTATTGGggctagctacaacgaAAATCTACC",-17.83,-17.83,5,-1.5,0.402424080466048,0.775881847626471,0,1
13,"10-23_target","590-608","GAUUUGCCAA*UAGGUAUUA","TAATACCTAggctagctacaacgaTGGCAAATC",-17.12,-17.12,6,-2.7,0.355209543441788,0.462546645296315,0,0
13,"10-23_target","594-612","UGCCAAUAGG*UAUUAACAU","ATGTTAATAggctagctacaacgaCTATTGGCA",-16.87,-16.87,1,-6.9,0.33918309291628,0.000906966398341715,0,0
13,"10-23_target","596-614","CCAAUAGGUA*UUAACAUCA","TGATGTTAAggctagctacaacgaACCTATTGG",-17.31,-17.31,4,-0.8,0.367612977311634,0.827811222034879,0,1
13,"10-23_target","600-618","UAGGUAUUAA*CAUCACUAG","CTAGTGATGggctagctacaacgaTAATACCTA",-16.18,-16.18,5,-3.8,0.296896222492587,0.102778729456491,0,0
13,"10-23_target","602-620","GGUAUUAACA*UCACUAGGU","ACCTAGTGAggctagctacaacgaGTTAATACC",-17.55,-17.55,2,-3.5,0.383532693203489,0.0922541073674732,0,0
13,"10-23_target","605-623","AUUAACAUCA*CUAGGUUUC","GAAACCTAGggctagctacaacgaGATGTTAAT",-16.99,-16.99,4,-0.4,0.346832530616885,0.874163506065704,0,1
13,"10-23_target","610-628","CAUCACUAGG*UUUCAAACU","AGTTTGAAAggctagctacaacgaCTAGTGATG",-17.47,-17.47,10,-3,0.378196416425492,0.718485018672519,0,1
13,"10-23_target","617-635","AGGUUUCAAA*CUUUACUUG","CAAGTAAAGggctagctacaacgaTTGAAACCT",-17.68,-17.68,10,-0.5,0.392263779198057,0.982971420915909,0,1
13,"10-23_target","622-640","UCAAACUUUA*CUUGCUUUA","TAAAGCAAGggctagctacaacgaAAAGTTTGA",-17.5,-17.5,10,-2,0.380194142692963,0.897012205693598,0,1
13,"10-23_target","626-644","ACUUUACUUG*CUUUACAUA","TATGTAAAGggctagctacaacgaAAGTAAAGT",-15.43,-15.43,2,-0.4,0.254590083495916,0.668089723773371,0,1
13,"10-23_target","631-649","ACUUGCUUUA*CAUAGAAGU","ACTTCTATGggctagctacaacgaAAAGCAAGT",-18.1,-18.1,2,-2.9,0.420919937320073,0.205385844847377,0,0
13,"10-23_target","633-651","UUGCUUUACA*UAGAAGUUA","TAACTTCTAggctagctacaacgaGTAAAGCAA",-16.63,-16.63,6,-2.9,0.324136323128725,0.360135522712755,0,0
13,"10-23_target","639-657","UACAUAGAAG*UUAUUUGAC","GTCAAATAAggctagctacaacgaTTCTATGTA",-14.94,-14.94,10,-1.3,0.229190229114361,0.887773531177541,0,1
13,"10-23_target","642-660","AUAGAAGUUA*UUUGACUCC","GGAGTCAAAggctagctacaacgaAACTTCTAT",-17.27,-17.27,10,-1.3,0.364986481980489,0.949347495952875,0,1
13,"10-23_target","647-665","AGUUAUUUGA*CUCCUGGUG","CACCAGGAGggctagctacaacgaCAAATAACT",-19.65,-19.65,10,-0.8,0.529829825215556,0.988109830636027,1,1
13,"10-23_target","654-672","UGACUCCUGG*UGAUUCUUC","GAAGAATCAggctagctacaacgaCAGGAGTCA",-19.19,-19.19,10,-2.6,0.497334468023983,0.88698195588821,0,1
13,"10-23_target","657-675","CUCCUGGUGA*UUCUUCUUC","GAAGAAGAAggctagctacaacgaCACCAGGAG",-19.68,-19.68,10,0,0.531943303353273,0.995522946302827,1,1
13,"10-23_target","669-687","CUUCUUCAGG*UUGGACAGC","GCTGTCCAAggctagctacaacgaCTGAAGAAG",-20.23,-20.23,3,-3.6,0.570411387497878,0.252505178175659,1,0
13,"10-23_target","674-692","UCAGGUUGGA*CAGCUGGUG","CACCAGCTGggctagctacaacgaCCAACCTGA",-23.17,-23.17,2,-3.7,0.753095054061482,0.389570422864159,1,0
13,"10-23_target","677-695","GGUUGGACAG*CUGGUGCUG","CAGCACCAGggctagctacaacgaTGTCCAACC",-22.53,-22.53,1,-4.1,0.717915819113746,0.181947332343312,1,0
13,"10-23_target","681-699","GGACAGCUGG*UGCUGCAGC","GCTGCAGCAggctagctacaacgaCAGCTGTCC",-24.25,-24.25,1,-6.2,0.805447367656498,0.0316493921518445,1,0
13,"10-23_target","683-701","ACAGCUGGUG*CUGCAGCUU","AAGCTGCAGggctagctacaacgaACCAGCTGT",-22.84,-22.84,1,-5.3,0.735330588007677,0.0547787496552688,1,0
13,"10-23_target","686-704","GCUGGUGCUG*CAGCUUAUU","AATAAGCTGggctagctacaacgaAGCACCAGC",-21.13,-21.13,5,-10,0.631374752630976,0.000379670813829522,1,0
13,"10-23_target","689-707","GGUGCUGCAG*CUUAUUAUG","CATAATAAGggctagctacaacgaTGCAGCACC",-19.38,-19.38,8,-5.9,0.510769431958148,0.0727846455598038,1,0
13,"10-23_target","693-711","CUGCAGCUUA*UUAUGUGGG","CCCACATAAggctagctacaacgaAAGCTGCAG",-20.6,-20.6,10,-5.7,0.595847930655857,0.233518874925524,1,0
13,"10-23_target","696-714","CAGCUUAUUA*UGUGGGUUA","TAACCCACAggctagctacaacgaAATAAGCTG",-18.65,-18.65,10,-2.1,0.459236728704904,0.921908208220389,0,1
13,"10-23_target","698-716","GCUUAUUAUG*UGGGUUAUC","GATAACCCAggctagctacaacgaATAATAAGC",-16.67,-16.67,10,0,0.326620055417094,0.986479987248892,0,1
13,"10-23_target","702-720","AUUAUGUGGG*UUAUCUUCA","TGAAGATAAggctagctacaacgaCCACATAAT",-16.65,-16.65,10,0,0.325376962391116,0.986380879356383,0,1
13,"10-23_target","705-723","AUGUGGGUUA*UCUUCAACC","GGTTGAAGAggctagctacaacgaAACCCACAT",-19.85,-19.85,1,-3,0.543895840872495,0.239151249404327,1,0
13,"10-23_target","712-730","UUAUCUUCAA*CCUAGGACU","AGTCCTAGGggctagctacaacgaTGAAGATAA",-17.97,-17.97,7,-4.2,0.411983403796532,0.209257464039713,0,0
13,"10-23_target","719-737","CAACCUAGGA*CUUUUCUAU","ATAGAAAAGggctagctacaacgaCCTAGGTTG",-18.17,-18.17,23,-2.1,0.425753864326511,0.998626001208617,0,1
13,"10-23_target","727-745","GACUUUUCUA*UUAAAAUAU","ATATTTTAAggctagctacaacgaAGAAAAGTC",-14.42,-14.42,10,0,0.204242695926838,0.969439222151809,0,1
13,"10-23_target","733-751","UCUAUUAAAA*UAUAAUGAA","TTCATTATAggctagctacaacgaTTTAATAGA",-13.07,-13.07,10,-0.4,0.14907567301627,0.9220592071614,0,1
13,"10-23_target","735-753","UAUUAAAAUA*UAAUGAAAA","TTTTCATTAggctagctacaacgaATTTTAATA",-13.03,-13.03,10,-0.1,0.147646023444025,0.943787911216218,0,1
13,"10-23_target","738-756","UAAAAUAUAA*UGAAAAUGG","CCATTTTCAggctagctacaacgaTATATTTTA",-14.2,-14.2,10,0,0.194314075173165,0.96693174813292,0,1
13,"10-23_target","744-762","AUAAUGAAAA*UGGAACCAU","ATGGTTCCAggctagctacaacgaTTTCATTAT",-17.07,-17.07,1,-1,0.351976771380584,0.561257192082094,0,1
